signature,"data:image/png;base64,iVBORw0KGgoAAAANSUhEUgAAASwAAACWCAYAAABkW7XSAAANXElEQVR4Xu2de9B+1RTHP0mF3BWRkmsMMpRi3CZ3MRMpiWRcmtG4DGWQcSmmhqQMkZJGjFtpGrlUolBJlEy5JCN+LoVQuUQoZpnzzBy78/7e532efS77nM/+p3nfnrPW2p+13u/vnPPsvdcGOCQgAQkUQmCDQuI0TAlIQAIoWBaBBCRQDAEFq5hUGagEJKBgWQMSkEAxBBSsYlJloBKQgIJlDUhAAsUQULCKSZWBSkACCpY1IAEJFENAwSomVQYqAQkoWNaABCRQDAEFq5hUGagEJKBgWQMSkEAxBBSsYlJloBKQgIJlDUhAAsUQULCKSZWBSkACCpY1IAEJFENAwSomVQYqAQkoWNaABCRQDAEFq5hUGagEJKBgWQMSkEAxBBSsYlJloBKQgIJlDUhAAsUQULCKSZWBSkACCpY1IAEJFENAwSomVQYqAQkoWNaABCRQDAEFq5hUGagEJKBgWQMSkEAxBBSsYlJloBKQgIJlDUhAAsUQULCKSZWBSkACCpY1IAEJFENAwSomVQYqAQkoWNaABCRQDAEFq5hUGagEJKBgWQMSkEAxBBSsYlJloBKQgIJlDUhAAsUQULCKSZWBSkACCpY1IAEJFENAwSomVQYqAQkoWNaABCRQDAEFq5hUGagEJKBgWQMSkEAxBBSsYlJloBKQgIJlDUhAAsUQULCKSZWBSkACCpY1IAEJFENAwSomVQYqAQkoWNaABCRQDAEFK1+qdgbOqsxdCxwKvCefeS1JQAIKVp4a2BT4a4Op7YHv5XGhFQlIQMHKUwMnAPusYErGeRhrRQL4x5SnCP6zHjNnAE/P40YrEpg2AQUrT/7/DtxqPabi3daT8rjSigSmS0DBypP7y4BtE1NHA/tVv/sncGvgpjzutCKBaRJQsPLkPcTpFTVTIUwbAnsCLwTOBo7M40orEpguAQUrT+6/BOxSMxU/PyuPaa1IQAIzAgpWnlpIX7q/BTgkj2mtSEACClbeGkgFazvg0rwutCYBCXiHlacGUsG6DRDfHDokIIGMBBSsPDBTwdoL+Ewe01qRgAR8JMxbA/EN4GsTk/5jkJex1iTgSvdMNRBrrK5PbMWShhMz2deMBCQAClbGKghx2sO7rIxENSUB/6Baq4GtgF8m1vcFjmvNo4YlMDECvmfJm/A/AXdKTG4M/CuvG61JYJoEFKy8ed8aWJeYPB54WV43WpPANAkoWPnz3nTUTJzkcEN+V1qUwLQIKFj583174LoGs7LOz1qLEyPgH1E7Cf8Y8OLE9BHAAe2406oEpkFAwWonzxsBcQZWOjYH/tCOS61KYPwEFKz2crwFcFWD+TsD17TnVssSGC8BBavd3D4NOD1xcUxy2F+7EWhdAiMioGC1n8xYPHps4iYO+zutfdeteYjjoOOd3FOA3wAhzJe35k3DEqgIKFjdlMKBVWPVure7ALHQtMQRDWJfnwT+POCkEidjzOUQULC6y9U7gTiJtD5uAayvRVh30a3N0ynAsxsuid99fm2m/LQE5iegYM3PKscnTwZ2SwyVmIOXAh9dAcgOwEU5YGlDAimBEv9YSs5i8E5bfZ0K7FrYpOLO8AIgxCkd5wGPt6VZYRktJFwFq/tE3Q74c+I2WoTFt4eljaZ3czGHeMf1htImY7zDJ6Bg9ZOjhwKXJK5LbVwRq/cPb8BobfVTW6P2alH1l94XAR9P3Mc+xL/0F9JCnpsec8PQ44BzF7LoRRJYgYCC1W9pXAhsn4Rwh4ZHxn6jXN37U4Ezko/FOrN6c9nVrfgJCaxCQMHqt0RWujspMS/p8ozYS7lJv3j1PjYCJf5hjC0HTUcrx/KH3Qub6D8SgYq+jNGf0SGBbAQUrGwolzL0KOD8xMLBwEFLWe324vcC+ycura9uczB6bxbUcFL8SuCoJJySFmE2fVtofQ2nvkYRiQU1rDR+o1p0WY/qwcCPhhVmYzTeYRWQpNJDVLCGl8GmvYW3Bf42vFD/L6K4O4y7xPqwvgaetNLCs6CGl7GVvjnctKG79JCi/xCwXy2gXwD3HlKAxlI+AQVrmDmMO6qmBaRDztdXqvOxZkRjUWx6rv0waRtVMQSG/AdQDMSWAm3ac/hdYMeW/C1rNn2UPQx447JGvV4CvmMopwbikeqKJNx3A28a4BRSwYoTG84ZYJyGVDAB77CGn7ydgG8nYT6j4az4PmeyGXB1EoC11WdGRurboiojsU2nOwzpdM+0D2Mc/RxHQDskkJWAgpUVZ6vGmjYYPwK4uFWvqxu/G/Db5GP3rJpTrH61n5DAGggoWGuANYCP3guI5QL1cd+G91xdhpq+u/oksHeXAehrOgQUrPJyHY9aaffovhaWNm0niq7X/y4PqxGXQEDBKiFLN4/xHskjV3SSjo7SXY5HA99KHMbC0Q93GYS+pkVAwSo333F0S327TuzlS3sFtjW7bYCfJ8a/Dzy8LYfalUAQULDKroONqxXx8d8Yzwc+2/KUtgR+3eDjlsCNLfvW/MQJKFjlF8AW1VlacdcT48nA11qa1l7ApxLb8b4q3ls5JNA6AQWrdcSdOIg+gWfXjqaJ90vpYtNlAonmGNc1GPgqEMstSuxevQwPr+2JgILVE/gW3EYu4z3W64BozhovwK/M4KfpfdXMbF/fTmaYliZKJKBglZi1lWOOfEZT1jjq5XLgiUsu4NwWuGwFd3dvWDA6LprOZnAEFKzBpSRLQNF1OTZJX1V9c/e7BazevxK99NLohnM/4FcL2PQSCSxFQMFaCt9gL47D/qJd/OxAvbWuhn/QCscyvwr44GBnbWCjJ6BgjTfF8aL8OGAPIO6K4kSFebpKp+u7ZoRiYWosUHVIoDcCClZv6DtxHN8enlm9ywqH83SVTvsLxnWbN2wH6mQCOpFAnYCCNf56iO7LcVJpHFETI7b1xLutptG03Sa+JVw3fkzOsAQCClYJWcoT4x9r+w3jJNP01Ie4G0tXqscSifflca8VCSxPQMFanmEpFuKM+J9Vj3cR83bApbXgYwV7rGSfja8DO5cyOeOcBgEFaxp5rs8yDtuLQ/diPAy4BIgjl79c+1Ccxf4EV7BPrziGPmMFa+gZyh9f5DxacsWewxjPBU5O3MQG5xyr5PNHr8VJE1Cwppn+DavHwzjBNB37VsshpknGWQ+agII16PS0HlzcWe2WeLEmWseug0UJWJyLkhvHdbEfsP7odx7w2HFMzVmMkYCCNcaszj+n7wCPTD7+e2CranX8/Jb8pAQ6IKBgdQB5wC7q51jFZulZa/lY7R7NLq4fcOyGNkECCtYEk15NOXJ/U2368fMDgR9Xv7sCiE3TDgkMhoCCNZhUdB5I2ph1Vgv13oc/AHYAbug8Oh1KoIGAgjXdsjgIeHs1/SOAA2ooYpN0LCjduvpdvNNqajwxXXrOvBcCClYv2AfhNLblPKSKJIQpPZAvRCsatkY3nBjRwitaeTkk0BsBBas39L07jn2F96miWKkOYv/hWdVjoaLVe8oMQMGaZg3EEcc/raZ+SsPi0TqVqJHDgf2Bi4FoT3/+NLE5674JKFh9Z6Af/4cCB1auPwC8ZpUwok7iqJnoyhMjTnGI0xwcEuiUgILVKe7BOKuvv4qFoxfOGVms03pX9dk4zeGbc17nxySQhYCClQVjUUZi43N0a56N+Lm+Hmt9k4nz3j9XHUcTn4uX9j8savYGWzQBBavo9C0U/KuB99euXKQGjq76H4YZO+kslAYvWoTAIsW6iB+vGQ6B+uPgRbVvANcSYRynHCeU7lldFI+Kh63FgJ+VwCIEFKxFqJV9TV2w4mSGOKFh0fE24ODq4ug0Hf0M5328XNSn102YgII1reRvlJzCEHdKdQFbhMZbgXdUF54G7LKIEa+RwDwEFKx5KI3nM/XNzTGrXPmvvxeL/YfR4GJZIRwPdWeSjUCugs0WkIZaJZDjhftKAb4ZOKT6n9FS7K4+Hraay0kaV7CmlfYvAs+spnwqsGvm6e8OnFTZjOatO2a2r7mJE1CwplUA1wB3rKYcrb1Ob2H60cTi2MruMbXlDy240uTUCChY08p4/b3S+lrWL0sl1mbFlp8YLwA+vaxBr5dAEFCwplUHcfTxJtWU17LCfRFKR1UbpeNaW94vQtBrbkZAwZpOUYRQhWDFuLF2zlWbBI4HXgKsA+KF/xfadKbt8RNQsMaf49kMHwD8pDbdLnIfh/+dCDyn8hvHMp85HeTONDeBLoo2d8zaW4zA3sAnOhascBe9D+M003gEjbETEO3FHBJYMwEFa83Iir0gxCpEaza6zH00sohlDrPhnVaxZdRv4F0Wbb8z1fvVwGY9CVa4TR9JY41WXcTMkARWJaBgrYpoNB+IF+2xd7CPO6yZz8cA53qnNZqa6nwiClbnyHtzeEGy8ryv3O8DnFCjYDee3kqiPMd9FW15pMqPOA7ti6UFfd5hzXzHUodY8jAbWwJXlo/YGbRNQMFqm/Bw7MdxxtGLcAiCFTG8HPjIgOIZTqaMZEUCCtZ0iiMao147MIE4B4hDBGPE3V+sjndIQMGyBv5HoL6XcJtqBXqfaNKGGLHQNL4ccEigkcB/AaN9Sqb1C7zFAAAAAElFTkSuQmCC"
id,0
modification,0
cat-2-demand-creation,1
state,1
demand-title,holla
holder-company-name,
holder-city,
holder-bp,
holder-tel,
holder-fax,
responsible-name,
responsible-quality,
responsible-dateofbirth,
responsible-placeofbirth,
responsible-nationality,
responsible-address,
description,
charter-name,
charter-city,
charter-bp,
charter-tel,
charter-approvalNumber,
charter-issueOn,
vsat,0
